"N° ","Désignation","Durée","Coût Prév. >0 ","Coût Prév. <0","Coût Réel",
"1","Appareillage unité I","10","","","",
"2","Résine et ragréage unité I","5","","","",
"3","Revêtement sol et mur unité I","8","","","",
"4","Finition peinture unité I","10","","","",
"5","Préparation des supports unité J","3","","","",
"6","Finition peinture unité J","3","","","",
"7","Préparation des supports unité I","10","","","",
"8","Placards et meubles unité I","5","","","",
"9","Panneaux signalétiques","2","","","",
"10","Pose des stores intérieurs unité I","3","","","",
"11","Faux plafonds démontables unité I","10","","","",
"12","Pose blocs-portes unité I","5","","","",
"13","Cloisons sanitaires unité I","1","","","",
"14","Période de préparation","23","","","",
"15","Essais mise en service unité I","1","","","",
"16","Appareillage unité I","3","","","",
"17","Support bac à laver ","1","","","",
"18","Enseigne d'entrée","2","","","",
"19","Peinture de sol unité I","3","","","",
"20","Implantation","5","","","",
"21","Démolitions","2","","","",
"22","Décapage","5","","","",
"23","Terrassements","15","","","",
"24","Déblais remblais","4","","","",
"25","Evacuation déblais","10","","","",
"26","Plateforme chantier","5","","","",
"27","Trait.Chaux - Couche de base","3","","","",
"28","Installation de chantier","1","","","",
"29","Réseaux EU-EP unité I","3","","","",
"30","Canalisation EP intérieure","10","","","",
"31","Canalisation EU intérieure","22","","","",
"32","Réseau EU - EP extérieur","16","","","",
"33","Réseaux EU-EP unité H","3","","","",
"34","Réseaux EU-EP unité G","3","","","",
"35","Réseaux EU-EP unité E","3","","","",
"36","Réseaux EU-EP unité D","3","","","",
"37","Réseaux EU-EP unité F","3","","","",
"38","Réseaux EU-EP unité C","3","","","",
"39","Réseaux EU-EP unité B","3","","","",
"40","Réseaux EU-EP unité A","3","","","",
"41","Séparateur et fosse relevage","4","","","",
"42","Fouilles fondation unité H","3","","","",
"43","Canalisation EU extérieure","5","","","",
"44","Canalisation EP extérieur","11","","","",
"45","Réseau AEP","3","","","",
"46","Fondations unité H","6","","","",
"47","Réseaux secs extérieurs","15","","","",
"48","Réseaux secs","15","","","",
"49","Remblai et dallage unité H","2","","","",
"50","Fouilles fondation unité E","1","","","",
"51","Fondations unité E","3","","","",
"52","Elévation unité H","14","","","",
"53","Nettoyage général extérieur","10","","","",
"54","Fouilles fondation unité I","3","","","",
"55","Remblai et dallage unité E","1","","","",
"56","Incorpo dans GO unité E","10","","","",
"57","Elévation unité E","8","","","",
"58","Fondations unité I","7","","","",
"59","Mise à la terre ","1","","","",
"60","Fouilles fondation unité G","2","","","",
"61","Fondations unité G","5","","","",
"62","Fabrication Men Ext unité E","7","","","",
"63","Plancher unité E","6","","","",
"64","Remblai et dallage unité I","2","","","",
"65","Plancher unité H","17","","","",
"66","Fabrication Men Alu  réunion unité H","2","","","",
"67","Fabrication Men Ext unité H","7","","","",
"68","Fabrication Men Alu  hall entrée unité H","8","","","",
"69","Elévation unité I","20","","","",
"70","Incorpo dans GO unité I","15","","","",
"71","Remblai et dallage unité G","2","","","",
"72","Acrotères unité E","2","","","",
"73","Pose Men Ext unité E","3","","","",
"74","Elévation unité G","7","","","",
"75","Incorpo dans GO unité G","10","","","",
"76","Charpente Ht jour unité E","3","","","",
"77","Echafaudage unité E","1","","","",
"78","Cloisonnement Unité E","15","","","",
"79","Pose des stores extérieurs unité E","3","","","",
"80","Fourniture huisseries unité E","1","","","",
"81","Réseaux évacuation EU/EV unité E","12","","","",
"82","Isolation ext unité E","5","","","",
"83","Voligeage ht jour unité E","1","","","",
"84","Couverture zinc unité E","2","","","",
"85","Fouilles fondation unité F","2","","","",
"86","FAB.  Men Alu  Châssis  incliné unité G","1","","","",
"87","Fabrication Men Alu  réunion unité G","1","","","",
"88","Plancher unité G","10","","","",
"89","Fabrication Men Ext unité G","21","","","",
"90","Fondations unité F","5","","","",
"91","Finitions zinguerie unité E","1","","","",
"92","Pergola métallique ( E)","2","","","",
"93","Etanchéité unité E","6","","","",
"94","F+Pose chassis désenfumage unité E","1","","","",
"95","Revêtemnt RPE unité E","5","","","",
"96","Pose Men Ext unité H","6","","","",
"97","Menuiserie ext témoin H","4","","","",
"98","Pose  Men Alu  réunion unité H","2","","","",
"99","Pose  Men Alu hall entrée unité H","14","","","",
"100","Remblai et dallage unité F","2","","","",
"101","Acrotères unité H","3","","","",
"102","Finition peinture ext unité E","4","","","",
"103","Elévation unité F","13","","","",
"104","Protection végétalisation  unité E","3","","","",
"105","Zinguerie et accessoires E","4","","","",
"106","Distribution EF-EC unité E","11","","","",
"107","Fouilles fondation unité J","2","","","",
"108","Poteaux  et MOB unité H","5","","","",
"109","Pose Men Ext unité G","19","","","",
"110","Fabrication Men Ext unité I","2","","","",
"111","Plancher unité I","10","","","",
"112","Acrotères unité G","2","","","",
"113","Pose  Men Alu  réunion unité G","1","","","",
"114","Distribution chauffage unité E","8","","","",
"115","Pose châssis vitrés unité E","3","","","",
"116","Pose façades GT unité E","1","","","",
"117","Rails en H chambres unité E","10","","","",
"118","Evacuation EP unité E","12","","","",
"119","Réseaux fluides médicaux unité E","5","","","",
"120","Incorpo dans cloisons unité E","5","","","",
"121","Bardage bois unité E","3","","","",
"122","Fondations unité J","4","","","",
"123","Gaines ventilation unité E","8","","","",
"124","Pose  Men Alu châssis incliné unité G","1","","","",
"125","Isolation haut jour unité H","3","","","",
"126","Cloisonnement Unité H","5","","","",
"127","Réseaux évacuation EU/EV unité H","12","","","",
"128","Poteaux et MOB unité G","5","","","",
"129","Echafaudage unité H","1","","","",
"130","Pose des stores extérieurs unité H","3","","","",
"131","Cdc courants forts unité H","3","","","",
"132","Fourniture huisseries unité H","1","","","",
"133","Isolation ext unité H","5","","","",
"134","Isolation, enduit ext témoin H","3","","","",
"135","Préparation des supports unité E","10","","","",
"136","Charpente unité H","5","","","",
"137","Pose blocs-portes unité E","5","","","",
"138","Plinthes bois unité E","1","","","",
"139","Cdc courants faibles unité H","3","","","",
"140","Câblage courant fort unité H","10","","","",
"141","Remblai et dallage unité J","1","","","",
"142","Doublage placo haut jour H","5","","","",
"143","Elévation unité J","8","","","",
"144","Incorpo dans GO unité J","2","","","",
"145","Charpente unité G","5","","","",
"146","Incorpo dans cloisons unité H","5","","","",
"147","Pose châssis vitrés unité H","3","","","",
"148","Distribution chauffage unité H","8","","","",
"149","Gaines ventilation unité H","8","","","",
"150","Rails en H s.rééducation unité H","10","","","",
"151","Ventilation rafraichisst cuisine","4","","","",
"152","Réseaux fluides médicaux unité H","2","","","",
"153","Evacuation EP unité H","12","","","",
"154","Gorges et niches unité H","5","","","",
"155","Pose façades GT unité H","1","","","",
"156","Câblage courant fort unité J","3","","","",
"157","Revêtemnt RPE unité H","5","","","",
"158","Pose des radiateurs unité E","4","","","",
"159","Fouilles fondation unité D","2","","","",
"160","Caisson extraction unité E","1","","","",
"161","Fouilles fondation unité B","3","","","",
"162","Voligeage ht jour unité H","3","","","",
"163","Pose Men Ext unité I","1","","","",
"164","Acrotères unité I","2","","","",
"165","Pose blocs-portes unité H","5","","","",
"166","Préparation des supports unité H","10","","","",
"167","Rideau métallique ( H,I)","1","","","",
"168","F+Pose portes métalliques unité I et J","9","","","",
"169","Fourniture huisseries unité I","1","","","",
"170","Appareillage unité J","2","","","",
"171","Cloisons et Plafonds placo unité I","15","","","",
"172","Plafonds placo unité E","10","","","",
"173","CTA cuisine","4","","","",
"174","Echafaudage unité I","1","","","",
"175","Tableau divisionnaire unité J","1","","","",
"176","Pergola métallique ( H)","1","","","",
"177","Plancher unité F","19","","","",
"178","Fondations unité D","6","","","",
"179","Evacuation EP unité I","5","","","",
"180","Réseaux évacuation EU/EV unité I","5","","","",
"181","Isolation ext unité I","5","","","",
"182","Etanchéité unité I","13","","","",
"183","Fondations unité B","7","","","",
"184","Couverture zinc unité H","5","","","",
"185","Voligeage ht jour unité G","2","","","",
"186","Enduits zone technique","27","","","",
"187","Raccordement circuits unité J","1","","","",
"188","Lanterneau unité I","3","","","",
"189","Finition peinture ext unité H","4","","","",
"190","Essais mise en service unité J","1","","","",
"191","Calorifugeage tuyau unité E","4","","","",
"192","Plancher unité J","5","","","",
"193","Finition peinture unité E","10","","","",
"194","Couverture zinc unité G","3","","","",
"195","Résine et ragréage unité E","5","","","",
"196","Distribution EF-EC unité H","11","","","",
"197","Faux plafonds démontables unité E","10","","","",
"198","Câblage courant faible unité H","10","","","",
"199","Tableau divisionnaire unité H","3","","","",
"200","Pose des radiateurs unité H","4","","","",
"201","Caisson extraction unité H","1","","","",
"202","Distribution EF-EC unité I","5","","","",
"203","Remblai et dallage unité D","2","","","",
"204","Plafonds placo unité H","10","","","",
"205","Finitions zinguerie unité H","2","","","",
"206","Finitions zinguerie unité G","3","","","",
"207","Bardage bois unité H","4","","","",
"208","Revêtemnt RPE unité I","5","","","",
"209","Rails en H s.relaxation unité H","10","","","",
"210","Raccordement circuits unité H","10","","","",
"211","Etancheité témoin H","1","","","",
"212","Revêtement sol et mur unité E","15","","","",
"213","Etanchéité unité H","7","","","",
"214","Ensemble grillagé+portes bât I","13","","","",
"215","Acrotères unité J","3","","","",
"216","Incorpo dans GO unité B","10","","","",
"217","Echafaudage unité G","1","","","",
"218","Cloisonnement Unité G","5","","","",
"219","Calorifugeage tuyau unité H","4","","","",
"220","Isolation haut jour unité G","3","","","",
"221","F+Pose chassis désenfumage unité H","3","","","",
"222","Porte garage ( I)","1","","","",
"223","Incorpo dans GO unité D","10","","","",
"224","Réseaux évacuation EU/EV unité G","12","","","",
"225","Evacuation EP unité G","12","","","",
"226","Fourniture huisseries unité G","1","","","",
"227","Elévation unité D","11","","","",
"228","Pose des stores extérieurs unité G","3","","","",
"229","Remblai et dallage unité B","3","","","",
"230","Cdc courants forts unité G","5","","","",
"231","Faux plafonds démontables unité H","10","","","",
"232","Isolation ext unité G","5","","","",
"233","Résine et ragréage unité H","3","","","",
"234","Installation chambres froides","5","","","",
"235","Finition peinture unité H","10","","","",
"236","Etanchéité unité J","5","","","",
"237","Porte garage ( J)","1","","","",
"238","Bardage bois unité I","3","","","",
"239","Doublage placo haut jour G","5","","","",
"240","Elévation unité B","15","","","",
"241","Revêtement sol et mur unité H","10","","","",
"242","Appareillage unité E","10","","","",
"243","Pose des stores intérieurs unité E","3","","","",
"244","Gorges et niches unité G","5","","","",
"245","Gaines ventilation unité G","8","","","",
"246","Distribution chauffage unité G","8","","","",
"247","Pose châssis vitrés unité G","3","","","",
"248","Plafonds placo Unité G","15","","","",
"249","Cdc courants faibles unité G","5","","","",
"250","Réseaux fluides médicaux unité G","3","","","",
"251","Incorpo dans cloisons unité G","5","","","",
"252","Placards et meubles unité E","5","","","",
"253","Pose façades GT unité G","1","","","",
"254","Câblage courant fort unité G","10","","","",
"255","Revêtemnt RPE unité G","5","","","",
"256","Installation plonge ,Table de travail","5","","","",
"257","Protection végétalisation unité I","3","","","",
"258","Equipement production solaire","5","","","",
"259","Zinguerie et accessoires I","4","","","",
"260","Equipement chaufferie","20","","","",
"261","Zinguerie et accessoires H","4","","","",
"262","Protection végétalisation  unité H","3","","","",
"263","Distribution chauffage unité I","8","","","",
"264","Cdc courants forts unité I","5","","","",
"265","Incorpo dans cloisons unité I","5","","","",
"266","Equipements production GM","3","","","",
"267","Gaines ventilation unité I","8","","","",
"268","Protection gravillon unité J","1","","","",
"269","Zinguerie et accessoires J","4","","","",
"270","Pose blocs-portes unité G","5","","","",
"271","Préparation des supports unité G","10","","","",
"272","Parquet et plinthes R+1 unité H","4","","","",
"273","Pose des stores intérieurs unité H","3","","","",
"274","Fabrication Men Ext unité F","8","","","",
"275","Pose  Men Alu  réunion unité F","4","","","",
"276","Lave-mains , Poste de lavage ","2","","","",
"277","Acrotères unité F","2","","","",
"278","Placards et meubles unité H","5","","","",
"279","Finition peinture ext  unité G","4","","","",
"280","Distribution production solaire","10","","","",
"281","Fabrication Men Alu  réunion unité F","2","","","",
"282","Pose Men Ext unité F","7","","","",
"283","Fabrication Men Ext unité D","15","","","",
"284","Plancher unité D","10","","","",
"285","FAB.  Men Alu  Châssis  incliné unité F","1","","","",
"286","Cdc courants faibles unité I","5","","","",
"287","Grille filante unité F","1","","","",
"288","Grille filante unité C","1","","","",
"289","Câblage courant fort unité I","15","","","",
"290","Distribution EF-EC unité G","11","","","",
"291","Caisson extraction unité G","1","","","",
"292","Ossature métal supoort bardage bât J","5","","","",
"293","Pose des radiateurs unité G","4","","","",
"294","Poteaux et MOB unité F","5","","","",
"295","Appareillage unité H","5","","","",
"296","Pose des radiateurs unité I","4","","","",
"297","Fouilles fondation unité A","3","","","",
"298","Bardage bois unité G","4","","","",
"299","Appareillage unité E","5","","","",
"300","Pose  Men Alu châssis incliné unité F","2","","","",
"301","Câblage courant faible unité G","10","","","",
"302","Essais mise en service unité E","1","","","",
"303","Tableau divisionnaire unité G","5","","","",
"304","Caisson extraction unité I","1","","","",
"305","Calorifugeage tuyau unité G","4","","","",
"306","Finition peinture unité G","10","","","",
"307","FAB.  Men Alu  Châssis  incliné unité B","2","","","",
"308","Faux plafonds démontables unité G","5","","","",
"309","Réseaux évacuation EU/EV unité D","12","","","",
"310","Evacuation EP unité F","12","","","",
"311","Cloisonnement Unité F","5","","","",
"312","Fourniture huisseries unité F","1","","","",
"313","Isolation haut jour unité F","2","","","",
"314","Charpente unité F","5","","","",
"315","Plancher unité B","14","","","",
"316","Résine et ragréage unité G","3","","","",
"317","Cdc courants forts unité F","3","","","",
"318","Evacuation EP unité D","12","","","",
"319","Echafaudage unité F","1","","","",
"320","Fondations unité A","7","","","",
"321","Pose des stores extérieurs unité F","3","","","",
"322","Fabrication Men Ext unité B","17","","","",
"323","Isolation ext unité F","5","","","",
"324","Calorifugeage tuyau unité I","4","","","",
"325","Raccordement circuits unité G","5","","","",
"326","Doublage placo haut jour (F)","5","","","",
"327","Régulation production solaire","3","","","",
"328","Cdc courants faibles unité F","3","","","",
"329","Revêtement sol et mur unité G","10","","","",
"330","Acrotères unité D","3","","","",
"331","Pose Men Ext unité D","4","","","",
"332","Câblage courant fort unité F","10","","","",
"333","Réseau plancher chauffant unité H","4","","","",
"334","Voligeage ht jour unité F","2","","","",
"335","Réseaux fluides médicaux unité F","3","","","",
"336","Ventilation SAM 1et2","4","","","",
"337","Plafonds placo unité F","15","","","",
"338","Appareillage unité G","10","","","",
"339","Gaines ventilation unité F","8","","","",
"340","Pose châssis vitrés unité F","3","","","",
"341","Distribution chauffage unité F","8","","","",
"342","Incorpo dans cloisons unité F","5","","","",
"343","Pose façades GT unité F","1","","","",
"344","Réseaux évacuation EU/EV unité F","12","","","",
"345","Revêtemnt RPE unité F","5","","","",
"346","Charpente Ht jour unité D","3","","","",
"347","Couverture zinc unité F","5","","","",
"348","Cdc courants forts unité E","3","","","",
"349","Fourniture huisseries unité D","1","","","",
"350","Pose des stores extérieurs unité D","3","","","",
"351","Echafaudage unité D","1","","","",
"352","Remblai et dallage unité A","3","","","",
"353","Cloisonnement Unité D","15","","","",
"354","Cdc courants forts unité D","3","","","",
"355","Gorges et niches unité F","5","","","",
"356","Préparation des supports unité F","10","","","",
"357","Fouilles fondation unité C","2","","","",
"358","Isolation ext unité D","5","","","",
"359","Pergola métallique ( D)","2","","","",
"360","Câblage courant faible unité I","15","","","",
"361","Ventilation SAM 3","4","","","",
"362","Régulation chaufferie","20","","","",
"363","Réseau plancher chauffant unité G","4","","","",
"364","Production ECS","20","","","",
"365","CTA SAM 1et 2","4","","","",
"366","Voligeage ht jour unité D","1","","","",
"367","Chape  flottante sur unité H","2","","","",
"368","Tableau divisionnaire unité I","5","","","",
"369","Cdc courants faibles unité E","3","","","",
"370","Câblage courant fort unité D","10","","","",
"371","Fondations unité C","3","","","",
"372","Elévation unité A","16","","","",
"373","Cdc courants faibles unité D","3","","","",
"374","Incorpo dans GO unité A","10","","","",
"375","Placards et meubles unité G","5","","","",
"376","Cloison mobile SAM ","4","","","",
"377","Pose des stores intérieurs unité G","3","","","",
"378","Couverture zinc unité D","2","","","",
"379","Finition peinture ext unité F","4","","","",
"380","Escalier  unité H","2","","","",
"381","Finitions zinguerie unité D","1","","","",
"382","Finitions zinguerie unité F","3","","","",
"383","Distribution EF-EC unité D","11","","","",
"384","Etanchéité unité G","5","","","",
"385","Appareillage unité G","5","","","",
"386","Etanchéité unité D","8","","","",
"387","Câblage courant fort unité E","10","","","",
"388","CTA SAM 3","4","","","",
"389","Câblage courant faible unité F","10","","","",
"390","Tableau divisionnaire unité F","3","","","",
"391","Caisson extraction unité F","1","","","",
"392","Chape flottante sur unité G","2","","","",
"393","F+Pose chassis désenfumage unité D","1","","","",
"394","Revêtemnt RPE unité D","5","","","",
"395","Garde-corps et main courante unité H","2","","","",
"396","Remblai et dallage unité C","1","","","",
"397","Réseau plancher chauffant unité F","4","","","",
"398","Pose des radiateurs unité F","4","","","",
"399","Incorpo dans GO unité C","10","","","",
"400","Pose Men Ext unité B","5","","","",
"401","Pose  Men Alu châssis incliné unité B","2","","","",
"402","Raccordement circuits unité I","3","","","",
"403","Acrotères unité B","3","","","",
"404","Elévation unité C","12","","","",
"405","Essais mise en service unité G","1","","","",
"406","Etanchéité unité F","5","","","",
"407","Lanterneau unité F","1","","","",
"408","Bardage bois unité F","3","","","",
"409","Raccordement circuits unité F","3","","","",
"410","Chape  flottante sur unité F","2","","","",
"411","Charpente Ht jour unité B","3","","","",
"412","Distribution EF-EC unité F","11","","","",
"413","Calorifugeage tuyau unité F","4","","","",
"414","Pose blocs-portes unité F","5","","","",
"415","Finition peinture unité F","10","","","",
"416","Zinguerie et accessoires G","5","","","",
"417","Finition peinture ext  unité D","4","","","",
"418","Protection végétalisation unité G","3","","","",
"419","Résine et ragréage unité F","3","","","",
"420","Faux plafonds démontables unité F","10","","","",
"421","Cdc courants forts unité B","3","","","",
"422","Incorpo dans cloisons unité B","5","","","",
"423","Fourniture huisseries unité B","1","","","",
"424","Pose des stores extérieurs unité B","3","","","",
"425","Cloisonnement Unité B","15","","","",
"426","Echafaudage unité B","1","","","",
"427","Isolation ext unité B","5","","","",
"428","Câblage courant faible unité D","10","","","",
"429","Tableau divisionnaire unité D","3","","","",
"430","Protection végétalisation  unité F","3","","","",
"431","Voligeage ht jour unité B","2","","","",
"432","Zinguerie et accessoires F","4","","","",
"433","Revêtement sol et mur unité F","10","","","",
"434","Zinguerie et accessoires D","4","","","",
"435","Protection végétalisation  unité D","3","","","",
"436","Cdc courants faibles unité B","3","","","",
"437","Distribution chauffage unité D","8","","","",
"438","Gaines ventilation unité D","8","","","",
"439","Couverture zinc unité B","4","","","",
"440","Câblage courant fort unité B","10","","","",
"441","Rails en H chambres unité D","10","","","",
"442","Réseaux fluides médicaux unité D","5","","","",
"443","Bardage bois unité D","3","","","",
"444","Incorpo dans cloisons unité D","5","","","",
"445","Pose châssis vitrés unité D","3","","","",
"446","Pose façades GT unité D","1","","","",
"447"," Câblage courant faible unité E","10","","","",
"448","Raccordement circuits unité D","3","","","",
"449","Préparation des supports unité D","10","","","",
"450","Pose blocs-portes unité D","5","","","",
"451","Plinthes bois unité D","1","","","",
"452","Revêtemnt RPE unité B","5","","","",
"453","Câblage courant faible unité B","10","","","",
"454","Fabrication Men Ext unité A","30","","","",
"455","FAB.  Men Alu  Châssis  incliné unité A","2","","","",
"456","Fabrication Men Ext unité C","7","","","",
"457","Plancher unité C","10","","","",
"458","Plancher unité A","14","","","",
"459","Finitions zinguerie unité B","2","","","",
"460","Appareillage unité F","15","","","",
"461","Incorpo dans GO unité F","10","","","",
"462","Placards et meubles unité F","5","","","",
"463","Etanchéité unité B","12","","","",
"464","Pose des stores intérieurs unité F","3","","","",
"465","Production climatisation","4","","","",
"466","Caisson extraction unité D","1","","","",
"467","Finition peinture ext unité B","4","","","",
"468","Pose des radiateurs unité D","4","","","",
"469","Appareillage unité F","5","","","",
"470","Tableau divisionnaire unité B","3","","","",
"471","Plafonds placo unité D","10","","","",
"472","Tableau divisionnaire unité E","3","","","",
"473","Distribution chauffage unité B","8","","","",
"474","Pose façades GT unité B","1","","","",
"475","Gaine ventilation unité B","8","","","",
"476","Réseaux fluides médicaux unité B","10","","","",
"477","Bardage bois unité B","2","","","",
"478","Rails en H chambres unité B","10","","","",
"479","Pose châssis vitrés unité B","3","","","",
"480","Réseaux évacuation EU/EV unité B","13","","","",
"481","Calorifugeage tuyau unité D","4","","","",
"482","Evacuation EP unité B","13","","","",
"483","Raccordement circuits unité B","3","","","",
"484","Résine et ragréage unité D","5","","","",
"485","Finition peinture unité D","10","","","",
"486","Faux plafonds démontables unité D","10","","","",
"487","Acrotères unité C","3","","","",
"488","Raccordement circuits unité E","3","","","",
"489","Pose Men Ext unité C","10","","","",
"490","Cloisons sanitaires unité F","1","","","",
"491","Préparation des supports unité B","10","","","",
"492","Pose blocs-portes unité B","5","","","",
"493","Ouvrages extérieures","28","","","",
"494","Lanterneau unité C","1","","","",
"495","Protection végétalisation  unité B","3","","","",
"496","Pose  Men Alu châssis incliné unité A","2","","","",
"497","Acrotères unité A","3","","","",
"498","Protection végétalisation  unité C","3","","","",
"499","Etanchéité unité C","8","","","",
"500","Zinguerie et accessoires B","4","","","",
"501","Revêtement sol et mur unité D","15","","","",
"502","Pose Men Ext unité A","13","","","",
"503","Pose des radiateurs unité B","4","","","",
"504","Caisson extraction unité B","1","","","",
"505","Essais mise en service unité F","1","","","",
"506","Charpente Ht jour unité A","3","","","",
"507","Plafonds placo unité B","10","","","",
"508","Appareillage unité D","10","","","",
"509","Placards et meubles unité D","5","","","",
"510","Pose des stores intérieurs unité D","3","","","",
"511","Voligeage ht jour unité A","2","","","",
"512","Pose des stores extérieurs unité C","3","","","",
"513","Fourniture huisseries unité C","1","","","",
"514","Réseaux évacuation EU/EV unité C","12","","","",
"515","Calorifugeage tuyau unité B","4","","","",
"516","Cdc courants forts unité C","3","","","",
"517","Cloisonnement Unité C","15","","","",
"518","Echafaudage unité C","1","","","",
"519","Plinthes bois unité B","1","","","",
"520","Finition peinture unité B","10","","","",
"521","Distribution EF-EC unité B","14","","","",
"522","Résine et ragréage unité B","5","","","",
"523","Isolation ext unité C","5","","","",
"524","Faux plafonds démontables unité B","10","","","",
"525","Pergola métallique ( C)","6","","","",
"526","Couverture zinc unité A","4","","","",
"527","Zinguerie et accessoires C","4","","","",
"528","Câblage courant fort unité C","10","","","",
"529","Cdc courants faibles unité C","3","","","",
"530","Câblage courant faible unité C","10","","","",
"531","Revêtement sol et mur unité B","15","","","",
"532","Revêtemnt RPE unité C","5","","","",
"533","Finitions zinguerie unité A","2","","","",
"534","Réseaux évacuation EU/EV unité A","13","","","",
"535","Cdc courants forts unité A","3","","","",
"536","Incorpo dans cloisons unité A","5","","","",
"537","Echafaudage unité A","1","","","",
"538","Fourniture huisseries unité A","1","","","",
"539","Pose des stores extérieurs unité A","3","","","",
"540","Cloisonnement Unité A","15","","","",
"541","Distribution chauffage unité A","8","","","",
"542","Etanchéité unité A","12","","","",
"543","Isolation ext unité A","5","","","",
"544","Appareillage unité D","5","","","",
"545","Essais mise en service unité D","1","","","",
"546","Cdc courants faibles unité A","3","","","",
"547","Appareillage unité B","10","","","",
"548","Finition peinture ext unité C","4","","","",
"549","Pose des stores intérieurs unité B","3","","","",
"550","Placards et meubles unité B","5","","","",
"551","Distribution EF-EC unité C","5","","","",
"552","Câblage courant fort unité A","10","","","",
"553","Revêtemnt RPE unité A","5","","","",
"554","Tableau divisionnaire unité C","3","","","",
"555","Câblage courant faible unité A","10","","","",
"556","Réseaux fluides médicaux unité C","2","","","",
"557","Distribution chauffage unité C","8","","","",
"558","Cheminement extérieur","10","","","",
"559","Incorpo dans cloisons unité C","5","","","",
"560","Pose des radiateurs unité A","4","","","",
"561","Rails en H salle de bain unité C","10","","","",
"562","Pose façades GT unité C","1","","","",
"563","Pose châssis vitrés unité C","3","","","",
"564","Bardage bois unité C","3","","","",
"565","Gaines ventilation unité C","8","","","",
"566","Evacuation EP unité C","11","","","",
"567","Raccordement circuits unité C","3","","","",
"568","Pose blocs-portes unité C","5","","","",
"569","Préparation des supports unité C","10","","","",
"570","Finition peinture ext unité A","4","","","",
"571","Fx plafonds bois ext unitéC","6","","","",
"572","Grilles de ventilations","2","","","",
"573","Calorifugeage tuyau unité A","4","","","",
"574","Zinguerie et accessoires A","4","","","",
"575","Protection végétalisation  unité A","3","","","",
"576","Distribution EF-EC unité A","14","","","",
"577","Appareillage unité B","6","","","",
"578","Garde corps extérieur ( H)","1","","","",
"579","Essais mise en service unité B","1","","","",
"580","Réseaux fluides médicaux unité A","10","","","",
"581","Bardage bois unité A","2","","","",
"582","Rails en H chambres unité A","10","","","",
"583","Pose châssis vitrés unité A","3","","","",
"584","Grilles pour saut de loup","1","","","",
"585","Evacuation EP unité A","13","","","",
"586","Tableau divisionnaire unité A","3","","","",
"587","Gaines ventilation unité A","8","","","",
"588","Pose façades GT unité A","1","","","",
"589","Pose des radiateurs unité C","4","","","",
"590","Caisson extraction unité C","1","","","",
"591","Deshumidification Balnéothérapie","4","","","",
"592","Préparation des supports unité A","10","","","",
"593","Re-profilage terrain","5","","","",
"594","Plafonds placo unité C","10","","","",
"595","Plinthes bois unité A","1","","","",
"596","Eclairage extérieur","5","","","",
"597","Pose blocs-portes unité A","5","","","",
"598","Raccordement circuits unité A","3","","","",
"599","Calorifugeage tuyau unité C","4","","","",
"600","Faux plafonds démontables unité C","10","","","",
"601","Finition peinture unité C","10","","","",
"602","Résine et ragréage unité C","5","","","",
"603","Bordures +pavés","10","","","",
"604","Caisson extraction unité A","1","","","",
"605","Régalage terre végétale","10","","","",
"606","Plafonds placo unité A","10","","","",
"607","Revêtement sol et mur unité C","15","","","",
"608","Finition peinture unité A","10","","","",
"609","Faux plafonds démontables unité A","10","","","",
"610","Résine et ragréage unité A","5","","","",
"611","Interventions graphiques intérieures","5","","","",
"612","Peinture de sol unité C","1","","","",
"613","Appareillage unité C","10","","","",
"614","Ventilation des plenums","5","","","",
"615","Signalétique - miroirs","3","","","",
"616","Placards et meubles unité C","5","","","",
"617","Fourniture extincteurs","1","","","",
"618","Pose des stores intérieurs unité C","3","","","",
"619","Plans de sécurité","1","","","",
"620","Enrobés","3","","","",
"621","Revêtement sol et mur unité A","15","","","",
"622","Fouilles pour plantations","3","","","",
"623","Engazonnement","5","","","",
"624","Habillages, protections  divers","10","","","",
"625","marquage au sol","2","","","",
"626","Plantations et tuteurage","5","","","",
"627","Placards et meubles unité A","5","","","",
"628","Appareillage unité A","10","","","",
"629","Stabilisé","5","","","",
"630","Mobilier urbain","6","","","",
"631","Pose des stores intérieurs unité A","3","","","",
"632","Tapis brosse","1","","","",
"633","Essais mise en service unité C","1","","","",
"634","Appareillage unité C","4","","","",
"635","Profils de finition et couvre joint","2","","","",
"636","Balnéothérapie unité C","4","","","",
"637","Cloisons sanitaires unité C","1","","","",
"638","Essais mise en service unité A","1","","","",
"639","Appareillage unité A","6","","","",
"640","Nettoyage de mise en service unité A","2","","","",
"641","Opérations préalables à la réception","10","","","",
"642","Nettoyage de mise en service unité B","2","","","",
"643","Nettoyage de mise en service unité C","2","","","",
"644","Nettoyage de mise en service unité D","2","","","",
"645","Nettoyage de mise en service unité E","2","","","",
"646","Nettoyage de mise en service unité F","2","","","",
"647","Réception","1","","","",
"648","Nettoyage de mise en service unité G","2","","","",
"649","Nettoyage de mise en service unité H","2","","","",
"650","Nettoyage de mise en service unité I","2","","","",
"651","Nettoyage de mise en service unité J","2","","","",
"652","Pose tasseau coffre store unité A","1","","","",
"653","Pose tasseau coffre store unité B","1","","","",
"654","Pose tasseau coffre store unité C","1","","","",
"655","Pose tasseau coffre store unité D","1","","","",
"656","Pose tasseau coffre store unité E","1","","","",
"657","Pose tasseau coffre store unité F","1","","","",
"658","Pose tasseau coffre store unité G","1","","","",
"659","Pose tasseau coffre store unité H","1","","","",
"660","Support store ext unité A","1","","","",
"661","Support store ext unité B","1","","","",
"662","Support store ext unité C","1","","","",
"663","Support store ext unité D","1","","","",
"664","Support store ext unité E","1","","","",
"665","Support store ext unité F","1","","","",
"666","Support store ext unité G","1","","","",
"667","Support store ext unité H","1","","","",
"668","Façade caisson store unité A","1","","","",
"669","Façade caisson store unité B","1","","","",
"670","Façade caisson store unité C","1","","","",
"671","Façade caisson store unité D","1","","","",
"672","Façade caisson store unité E","1","","","",
"673","Façade caisson store unité F","1","","","",
"674","Façade caisson store unité G","1","","","",
"675","Façade caisson store unité H","1","","","",
